キャラクター名,URL
さやか, https://character-sheets.appspot.com/dx3/edit.html?key=ahVzfmNoYXJhY3Rlci1zaGVldHMtbXByFwsSDUNoYXJhY3RlckRhdGEYtbCIqgMM
杏子, https://character-sheets.appspot.com/dx3/edit.html?key=ahVzfmNoYXJhY3Rlci1zaGVldHMtbXByFwsSDUNoYXJhY3RlckRhdGEYjdyVrQMM
グラスワンダー, https://character-sheets.appspot.com/dx3/edit.html?key=ahVzfmNoYXJhY3Rlci1zaGVldHMtbXByFwsSDUNoYXJhY3RlckRhdGEYwb_HvQMM
ふなっしー, https://character-sheets.appspot.com/dx3/edit.html?key=ahVzfmNoYXJhY3Rlci1zaGVldHMtbXByFwsSDUNoYXJhY3RlckRhdGEYqsGUrQMM
ふなっしー2,https://character-sheets.appspot.com/dx3/edit.html?key=ahVzfmNoYXJhY3Rlci1zaGVldHMtbXByFwsSDUNoYXJhY3RlckRhdGEYuOLruwMM
大統領, https://character-sheets.appspot.com/dx3/edit.html?key=ahVzfmNoYXJhY3Rlci1zaGVldHMtbXByFgsSDUNoYXJhY3RlckRhdGEY9ofbSQw
無惨, https://character-sheets.appspot.com/dx3/edit.html?key=ahVzfmNoYXJhY3Rlci1zaGVldHMtbXByFwsSDUNoYXJhY3RlckRhdGEYhcGUrQMM
池野楓, https://character-sheets.appspot.com/dx3/edit.html?key=ahVzfmNoYXJhY3Rlci1zaGVldHMtbXByFwsSDUNoYXJhY3RlckRhdGEYovT9ugMM
野津歩, https://character-sheets.appspot.com/dx3/edit.html?key=ahVzfmNoYXJhY3Rlci1zaGVldHMtbXByFwsSDUNoYXJhY3RlckRhdGEY_MGUrQMM
シャンクス, https://character-sheets.appspot.com/dx3/edit.html?key=ahVzfmNoYXJhY3Rlci1zaGVldHMtbXByFwsSDUNoYXJhY3RlckRhdGEY7bLjvAMM
巴マミ, https://character-sheets.appspot.com/dx3/edit.html?key=ahVzfmNoYXJhY3Rlci1zaGVldHMtbXByFwsSDUNoYXJhY3RlckRhdGEYlcbquwMM
暁美ほむら, https://character-sheets.appspot.com/dx3/edit.html?key=ahVzfmNoYXJhY3Rlci1zaGVldHMtbXByFwsSDUNoYXJhY3RlckRhdGEY2fHVsQMM
ランスロット, https://character-sheets.appspot.com/dx3/edit.html?key=ahVzfmNoYXJhY3Rlci1zaGVldHMtbXByFwsSDUNoYXJhY3RlckRhdGEYttyVrQMM
八千代命, https://character-sheets.appspot.com/dx3/edit.html?key=ahVzfmNoYXJhY3Rlci1zaGVldHMtbXByFwsSDUNoYXJhY3RlckRhdGEYzK63vwMM
デンジ, https://character-sheets.appspot.com/dx3/edit.html?key=ahVzfmNoYXJhY3Rlci1zaGVldHMtbXByFwsSDUNoYXJhY3RlckRhdGEY-NKOuQMM
我妻善逸, https://character-sheets.appspot.com/dx3/edit.html?key=ahVzfmNoYXJhY3Rlci1zaGVldHMtbXByFwsSDUNoYXJhY3RlckRhdGEY2dqzuAMM
ポートガス・D・エース, https://character-sheets.appspot.com/dx3/edit.html?key=ahVzfmNoYXJhY3Rlci1zaGVldHMtbXByFwsSDUNoYXJhY3RlckRhdGEYpJ7WswMM
ルフィ, https://character-sheets.appspot.com/dx3/edit.html?key=ahVzfmNoYXJhY3Rlci1zaGVldHMtbXByFwsSDUNoYXJhY3RlckRhdGEYup7WswMM
つかう？ﾊﾞｷﾊﾞｷ再現ルフィ, https://character-sheets.appspot.com/dx3/edit.html?key=ahVzfmNoYXJhY3Rlci1zaGVldHMtbXByFwsSDUNoYXJhY3RlckRhdGEY34KGrgMM
春日井春日, https://character-sheets.appspot.com/dx3/edit.html?key=ahVzfmNoYXJhY3Rlci1zaGVldHMtbXByFwsSDUNoYXJhY3RlckRhdGEYxp7WswMM
折部やすな, https://character-sheets.appspot.com/dx3/edit.html?key=ahVzfmNoYXJhY3Rlci1zaGVldHMtbXByFwsSDUNoYXJhY3RlckRhdGEYj53FvgMM
ムック, https://character-sheets.appspot.com/dx3/edit.html?key=ahVzfmNoYXJhY3Rlci1zaGVldHMtbXByFwsSDUNoYXJhY3RlckRhdGEY9rHMvQMM
カンタム, http://character-sheets.appspot.com/dx3/edit.html?key=ahVzfmNoYXJhY3Rlci1zaGVldHMtbXByFwsSDUNoYXJhY3RlckRhdGEY_9mRuQMM
サンダルフォン, https://character-sheets.appspot.com/dx3/edit.html?key=ahVzfmNoYXJhY3Rlci1zaGVldHMtbXByFwsSDUNoYXJhY3RlckRhdGEY8LHMvQMM
カトル, https://character-sheets.appspot.com/dx3/edit.html?key=ahVzfmNoYXJhY3Rlci1zaGVldHMtbXByFwsSDUNoYXJhY3RlckRhdGEYpeWCuwMM
塩試合マン, http://character-sheets.appspot.com/dx3/edit.html?key=ahVzfmNoYXJhY3Rlci1zaGVldHMtbXByFwsSDUNoYXJhY3RlckRhdGEYl9qRuQMM
江下・伊奈々, http://character-sheets.appspot.com/dx3/edit.html?key=ahVzfmNoYXJhY3Rlci1zaGVldHMtbXByFwsSDUNoYXJhY3RlckRhdGEY3tbYswMM
ホーキンス, https://character-sheets.appspot.com/dx3/edit.html?key=ahVzfmNoYXJhY3Rlci1zaGVldHMtbXByFwsSDUNoYXJhY3RlckRhdGEY5tbYswMM
都竹 里穂子, https://character-sheets.appspot.com/dx3/edit.html?key=ahVzfmNoYXJhY3Rlci1zaGVldHMtbXByFwsSDUNoYXJhY3RlckRhdGEY0-z4uQMM
東兎角, https://character-sheets.appspot.com/dx3/edit.html?key=ahVzfmNoYXJhY3Rlci1zaGVldHMtbXByFwsSDUNoYXJhY3RlckRhdGEY-KeSuQMM
ヤソップ, http://character-sheets.appspot.com/dx3/edit.html?key=ahVzfmNoYXJhY3Rlci1zaGVldHMtbXByFwsSDUNoYXJhY3RlckRhdGEY4fbjsQMM
ベックマン, http://character-sheets.appspot.com/dx3/edit.html?key=ahVzfmNoYXJhY3Rlci1zaGVldHMtbXByFwsSDUNoYXJhY3RlckRhdGEY_OnwvAMM
ラッキールウ, https://character-sheets.appspot.com/dx3/edit.html?key=ahVzfmNoYXJhY3Rlci1zaGVldHMtbXByFwsSDUNoYXJhY3RlckRhdGEY2NeJrgMM
ロックスター, https://character-sheets.appspot.com/dx3/edit.html?key=ahVzfmNoYXJhY3Rlci1zaGVldHMtbXByFwsSDUNoYXJhY3RlckRhdGEYubPQsQMM
櫻美鳳, https://character-sheets.appspot.com/dx3/edit.html?key=ahVzfmNoYXJhY3Rlci1zaGVldHMtbXByFwsSDUNoYXJhY3RlckRhdGEYufmLuwMM
ヤソップ2, https://character-sheets.appspot.com/dx3/edit.html?key=ahVzfmNoYXJhY3Rlci1zaGVldHMtbXByFwsSDUNoYXJhY3RlckRhdGEYqfahrQMM
まどか, https://character-sheets.appspot.com/dx3/edit.html?key=ahVzfmNoYXJhY3Rlci1zaGVldHMtbXByFwsSDUNoYXJhY3RlckRhdGEY6emQuwMM
ベリアル ,https://character-sheets.appspot.com/dx3/edit.html?key=ahVzfmNoYXJhY3Rlci1zaGVldHMtbXByFwsSDUNoYXJhY3RlckRhdGEYiv_XvQMM
ベリアル(サプハラ) ,https://character-sheets.appspot.com/dx3/edit.html?key=ahVzfmNoYXJhY3Rlci1zaGVldHMtbXByFwsSDUNoYXJhY3RlckRhdGEYh5_qsgMM
ベリアル(超サプハラ) ,https://character-sheets.appspot.com/dx3/edit.html?key=ahVzfmNoYXJhY3Rlci1zaGVldHMtbXByFwsSDUNoYXJhY3RlckRhdGEYnJ_qsgMM
エネル, https://character-sheets.appspot.com/dx3/edit.html?key=ahVzfmNoYXJhY3Rlci1zaGVldHMtbXByFwsSDUNoYXJhY3RlckRhdGEY5OCutAMM
めぐみん, https://character-sheets.appspot.com/dx3/edit.html?key=ahVzfmNoYXJhY3Rlci1zaGVldHMtbXByFwsSDUNoYXJhY3RlckRhdGEYgYmstgMM
ラッキールウ2, https://character-sheets.appspot.com/dx3/edit.html?key=ahVzfmNoYXJhY3Rlci1zaGVldHMtbXByFwsSDUNoYXJhY3RlckRhdGEYk7y7twMM
ラッキールウ3, https://character-sheets.appspot.com/dx3/edit.html?key=ahVzfmNoYXJhY3Rlci1zaGVldHMtbXByFwsSDUNoYXJhY3RlckRhdGEY2NeJrgMM
グラハム・スペクター, https://character-sheets.appspot.com/dx3/edit.html?key=ahVzfmNoYXJhY3Rlci1zaGVldHMtbXByFwsSDUNoYXJhY3RlckRhdGEYlNjUuAMM
ヴァンピィ, https://character-sheets.appspot.com/dx3/edit.html?key=ahVzfmNoYXJhY3Rlci1zaGVldHMtbXByFwsSDUNoYXJhY3RlckRhdGEYwc6xwQMM
琴葉葵くん, https://character-sheets.appspot.com/dx3/edit.html?key=ahVzfmNoYXJhY3Rlci1zaGVldHMtbXByFwsSDUNoYXJhY3RlckRhdGEYzoCNugMM
カンタム・ロボ, http://character-sheets.appspot.com/dx3/edit.html?key=ahVzfmNoYXJhY3Rlci1zaGVldHMtbXByFwsSDUNoYXJhY3RlckRhdGEY_9mRuQMM
ベルフラウ・マルティーニ, http://character-sheets.appspot.com/dx3/edit.html?key=ahVzfmNoYXJhY3Rlci1zaGVldHMtbXByFwsSDUNoYXJhY3RlckRhdGEY4s2NugMM
まどかタイタス, https://character-sheets.appspot.com/dx3/edit.html?key=ahVzfmNoYXJhY3Rlci1zaGVldHMtbXByFwsSDUNoYXJhY3RlckRhdGEYhYi2tAMM
まろか（サキュバス）, https://character-sheets.appspot.com/dx3/edit.html?key=ahVzfmNoYXJhY3Rlci1zaGVldHMtbXByFwsSDUNoYXJhY3RlckRhdGEYg7y7twMM
まどか先輩, https://character-sheets.appspot.com/dx3/edit.html?key=ahVzfmNoYXJhY3Rlci1zaGVldHMtbXByFwsSDUNoYXJhY3RlckRhdGEYsNXUuAMM
アルティメットまどか モデル リュック, https://character-sheets.appspot.com/dx3/edit.html?key=ahVzfmNoYXJhY3Rlci1zaGVldHMtbXByFwsSDUNoYXJhY3RlckRhdGEYpbq1tAMM
暁美ほむら(リボほむ), https://character-sheets.appspot.com/dx3/edit.html?key=ahVzfmNoYXJhY3Rlci1zaGVldHMtbXByFwsSDUNoYXJhY3RlckRhdGEYyp72sQMM
カリオストロ, https://character-sheets.appspot.com/dx3/edit.html?key=ahVzfmNoYXJhY3Rlci1zaGVldHMtbXByFwsSDUNoYXJhY3RlckRhdGEY5tH7uwMM
東北きりたん, https://character-sheets.appspot.com/dx3/edit.html?key=ahVzfmNoYXJhY3Rlci1zaGVldHMtbXByFwsSDUNoYXJhY3RlckRhdGEY-ZWargMM
しかばねソロリティ, https://character-sheets.appspot.com/dx3/edit.html?key=ahVzfmNoYXJhY3Rlci1zaGVldHMtbXByFwsSDUNoYXJhY3RlckRhdGEYuKaduQMM
ひきがねコート, https://character-sheets.appspot.com/dx3/edit.html?key=ahVzfmNoYXJhY3Rlci1zaGVldHMtbXByFwsSDUNoYXJhY3RlckRhdGEYmIvvsgMM
マイザー, https://character-sheets.appspot.com/dx3/edit.html?key=ahVzfmNoYXJhY3Rlci1zaGVldHMtbXByFwsSDUNoYXJhY3RlckRhdGEY2r39uwMM
ナルガクルガ, https://character-sheets.appspot.com/dx3/edit.html?key=ahVzfmNoYXJhY3Rlci1zaGVldHMtbXByFwsSDUNoYXJhY3RlckRhdGEYwMaiuwMM
保登心愛, http://character-sheets.appspot.com/dx3/edit.html?key=ahVzfmNoYXJhY3Rlci1zaGVldHMtbXByFwsSDUNoYXJhY3RlckRhdGEYgquhuwMM
ドラえもん, https://character-sheets.appspot.com/dx3/edit.html?key=ahVzfmNoYXJhY3Rlci1zaGVldHMtbXByFwsSDUNoYXJhY3RlckRhdGEYj7zTuAMM
暁美HOMURA, http://character-sheets.appspot.com/dx3/edit.html?key=ahVzfmNoYXJhY3Rlci1zaGVldHMtbXByFwsSDUNoYXJhY3RlckRhdGEYnLL-sgMM
